City_ID,City,Lat,Lng,Max Temp,Humidity,Cloudiness,Wind Speed,Country,Date
0,west island,-12.1568,96.8225,26.99,83,75,4.63,CC,2023-06-22
1,pariaman,-0.619,100.12,28.03,73,34,2.16,ID,2023-06-22
2,port-aux-francais,-49.35,70.2167,8.01,97,100,17.66,TF,2023-06-22
3,margaret river,-33.95,115.0667,12.6,62,86,9.54,AU,2023-06-22
4,cherdyn',60.403,56.4787,9.33,57,42,2.04,RU,2023-06-22
5,nicoya,10.1483,-85.452,24.76,91,100,1.34,CR,2023-06-22
6,afaahiti,-17.75,-149.2833,26.93,83,99,10.63,PF,2023-06-22
7,ochsenhausen,48.0667,9.95,16.8,90,75,5.14,DE,2023-06-22
8,ad dabbah,18.05,30.95,27.63,20,28,3.96,SD,2023-06-22
9,fortuna,40.5982,-124.1573,14.4,91,100,3.09,US,2023-06-22
10,ust-nera,64.5667,143.2,23.42,27,89,2.01,RU,2023-06-22
11,adamstown,-25.066,-130.1015,20.51,54,27,9.26,PN,2023-06-22
12,karratha,-20.7377,116.8463,20.83,32,3,5.45,AU,2023-06-22
13,malayer,34.2969,48.8235,22.19,19,0,0.85,IR,2023-06-22
14,pointe-noire,-4.7761,11.8635,20.95,88,76,1.73,CG,2023-06-22
15,tonghae,37.5439,129.1069,22.54,76,19,3.66,KR,2023-06-22
16,puerto natales,-51.7236,-72.4875,1.7,98,100,0.87,CL,2023-06-22
17,qaqortoq,60.7167,-46.0333,3.4,96,100,1.77,GL,2023-06-22
18,puerto ayora,-0.7393,-90.3518,24.75,90,94,1.79,EC,2023-06-22
19,argo,37.6333,22.7333,23.21,50,0,1.62,GR,2023-06-22
20,iqaluit,63.7506,-68.5145,4.85,65,75,4.63,CA,2023-06-22
21,georgetown,5.4112,100.3354,30.96,74,20,2.06,MY,2023-06-22
22,anadyr,64.75,177.4833,7.28,87,100,4.0,RU,2023-06-22
23,grytviken,-54.2811,-36.5092,0.96,82,100,3.41,GS,2023-06-22
24,ushuaia,-54.8,-68.3,0.81,86,75,3.6,AR,2023-06-22
25,portland,45.5234,-122.6762,28.97,37,20,4.12,US,2023-06-22
26,lorengau,-2.0226,147.2712,28.93,72,92,1.98,PG,2023-06-22
27,puerto baquerizo moreno,-0.9,-89.6,24.18,80,91,5.87,EC,2023-06-22
28,lautoka,-17.6167,177.4667,27.92,54,20,4.12,FJ,2023-06-22
29,st. john's,47.5649,-52.7093,13.66,90,100,1.54,CA,2023-06-22
30,edinburgh of the seven seas,-37.0676,-12.3116,11.6,62,99,7.65,SH,2023-06-22
31,waitangi,-43.9535,-176.5597,13.23,76,9,3.58,NZ,2023-06-22
32,nadym,65.5333,72.5167,2.1,97,100,6.11,RU,2023-06-22
33,blackmans bay,-43.0167,147.3167,11.07,96,100,6.82,AU,2023-06-22
34,klyuchi,52.2667,79.1667,15.69,44,95,4.21,RU,2023-06-22
35,vila velha,-20.3297,-40.2925,18.3,84,0,1.03,BR,2023-06-22
36,manokwari,-0.8667,134.0833,26.17,83,100,7.0,ID,2023-06-22
37,lamu,-2.2717,40.902,25.12,78,67,6.23,KE,2023-06-22
38,colares,38.7992,-9.4469,19.86,84,0,9.83,PT,2023-06-22
39,olonkinbyen,70.9221,-8.7187,3.16,81,97,4.31,SJ,2023-06-22
40,keflavik,64.0049,-22.5624,12.95,94,100,10.8,IS,2023-06-22
41,fuling,29.7022,107.3919,23.22,88,100,0.36,CN,2023-06-22
42,hawaiian paradise park,19.5933,-154.9731,27.73,77,40,5.14,US,2023-06-22
43,aral,40.5156,81.2636,30.93,20,97,5.38,CN,2023-06-22
44,riyadh,24.6877,46.7219,28.08,16,0,2.26,SA,2023-06-22
45,vilyuysk,63.7553,121.6247,24.62,31,79,5.31,RU,2023-06-22
46,khorramabad,33.4878,48.3558,15.79,29,0,2.06,IR,2023-06-22
47,bilibino,68.0546,166.4372,18.7,59,100,2.15,RU,2023-06-22
48,inarajan village,13.2736,144.7484,32.54,83,100,7.63,GU,2023-06-22
49,koungheul,13.9833,-14.8,24.78,83,97,7.99,SN,2023-06-22
50,ribeira grande,38.5167,-28.7,20.99,97,100,7.6,PT,2023-06-22
51,vilyuchinsk,52.9306,158.4028,25.15,49,8,2.03,RU,2023-06-22
52,albany,42.6001,-73.9662,19.88,75,96,1.14,US,2023-06-22
53,port-vila,-17.7338,168.3219,25.78,57,40,3.09,VU,2023-06-22
54,atafu village,-8.5421,-172.5159,28.31,67,40,5.3,TK,2023-06-22
55,fundacion,10.5207,-74.185,25.26,91,90,1.74,CO,2023-06-22
56,tiksi,71.6872,128.8694,17.12,35,42,7.61,RU,2023-06-22
57,kodiak,57.79,-152.4072,10.73,87,100,3.09,US,2023-06-22
58,hithadhoo,-0.6,73.0833,26.94,76,100,2.74,MV,2023-06-22
59,invercargill,-46.4,168.35,11.35,78,98,2.45,NZ,2023-06-22
60,ilulissat,69.2167,-51.1,2.01,87,100,2.06,GL,2023-06-22
61,hermanus,-34.4187,19.2345,11.0,68,0,3.52,ZA,2023-06-22
62,port elizabeth,-33.918,25.5701,12.16,87,0,4.12,ZA,2023-06-22
63,shitanjing,39.2342,106.3439,28.23,28,100,6.41,CN,2023-06-22
64,magadan,59.5667,150.8,25.85,68,47,3.25,RU,2023-06-22
65,constantia,44.1833,28.65,19.38,76,0,1.64,RO,2023-06-22
66,talnakh,69.4865,88.3972,8.53,77,92,0.79,RU,2023-06-22
67,wittingen,52.7269,10.7361,20.09,100,100,5.04,DE,2023-06-22
68,amuntai,-2.4177,115.2494,32.09,52,88,0.76,ID,2023-06-22
69,dalkey,53.2783,-6.1003,17.69,78,75,4.12,IE,2023-06-22
70,kotka,60.4664,26.9458,15.18,98,69,3.67,FI,2023-06-22
71,yellowknife,62.456,-114.3525,21.29,37,20,3.6,CA,2023-06-22
72,namsos,64.4662,11.4957,12.95,88,100,5.14,NO,2023-06-22
73,obo,5.3998,26.4869,19.31,97,100,1.01,CF,2023-06-22
74,katsuren-haebaru,26.3369,127.8719,30.22,80,20,5.66,JP,2023-06-22
75,zaozersk,69.4005,32.4476,15.45,61,8,2.93,RU,2023-06-22
76,ponta delgada,37.7333,-25.6667,20.4,100,75,3.09,PT,2023-06-22
77,tsetserleg,47.475,101.4542,20.58,53,94,1.91,MN,2023-06-22
78,ribeira brava,32.65,-17.0667,21.35,85,14,2.06,PT,2023-06-22
79,port mathurin,-19.6833,63.4167,23.26,63,100,6.81,MU,2023-06-22
80,usinsk,65.9939,57.5281,7.02,77,100,4.27,RU,2023-06-22
81,huarmey,-10.0681,-78.1522,20.06,83,1,3.92,PE,2023-06-22
82,fale old settlement,-9.3852,-171.2468,28.13,73,49,3.75,TK,2023-06-22
83,lebu,-37.6167,-73.65,12.76,92,100,4.51,CL,2023-06-22
84,longyearbyen,78.2186,15.6401,7.91,81,75,0.51,SJ,2023-06-22
85,pacific grove,36.6177,-121.9166,15.21,83,75,5.14,US,2023-06-22
86,college,64.8569,-147.8028,23.99,61,75,3.6,US,2023-06-22
87,gwoza,11.1036,13.713,26.08,68,99,1.53,NG,2023-06-22
88,boa vista,2.8197,-60.6733,25.99,89,40,1.03,BR,2023-06-22
89,uchiza,-8.4592,-76.4633,23.83,65,97,1.24,PE,2023-06-22
90,tual,-5.6667,132.75,26.64,79,99,5.37,ID,2023-06-22
91,schoppenstedt,52.1431,10.7745,19.94,89,100,0.89,DE,2023-06-22
92,inhambane,-23.865,35.3833,20.54,64,96,5.09,MZ,2023-06-22
93,oodweyne,9.4092,45.064,21.17,69,13,8.26,SO,2023-06-22
94,el granada,37.5027,-122.4694,18.58,84,100,6.17,US,2023-06-22
95,paracuru,-3.41,-39.0306,26.17,84,2,5.69,BR,2023-06-22
96,kwang binh,17.4833,106.6,34.84,48,100,5.15,VN,2023-06-22
97,ketchikan,55.3422,-131.6461,16.26,72,100,2.06,US,2023-06-22
98,flin flon,54.7682,-101.865,15.11,58,62,2.42,CA,2023-06-22
99,cooma,-36.2333,149.1333,7.86,59,78,6.52,AU,2023-06-22
100,izmail,45.3493,28.8408,18.91,68,0,0.87,UA,2023-06-22
101,kikwit,-5.041,18.8162,21.8,61,57,0.63,CD,2023-06-22
102,bamnet narong,15.4992,101.6897,32.19,53,42,5.44,TH,2023-06-22
103,yigo village,13.5361,144.8886,31.62,71,75,9.77,GU,2023-06-22
104,kirensk,57.7853,108.1119,17.11,92,100,2.08,RU,2023-06-22
105,puerto armuelles,8.2833,-82.8667,23.99,90,100,0.45,PA,2023-06-22
106,selfoss,63.9331,-20.9971,12.8,98,100,7.12,IS,2023-06-22
107,sandnessjoen,66.0217,12.6316,12.29,84,100,6.36,NO,2023-06-22
108,shenjiamen,29.9576,122.298,20.33,87,100,9.05,CN,2023-06-22
109,chalonnes-sur-loire,47.3516,-0.7631,17.23,82,37,1.42,FR,2023-06-22
110,kruisfontein,-34.0033,24.7314,8.27,79,0,3.1,ZA,2023-06-22
111,hazard,37.2495,-83.1932,19.83,99,100,0.57,US,2023-06-22
112,atencingo,18.5167,-98.6,27.93,31,25,3.74,MX,2023-06-22
113,palembang,-2.9167,104.7458,30.05,70,40,4.12,ID,2023-06-22
114,papatowai,-46.5619,169.4708,10.82,87,100,1.97,NZ,2023-06-22
115,bredasdorp,-34.5322,20.0403,9.92,81,0,2.6,ZA,2023-06-22
116,verkhnevilyuysk,63.4453,120.3167,24.45,31,66,4.79,RU,2023-06-22
117,suva,-18.1416,178.4415,25.71,65,20,3.09,FJ,2023-06-22
118,jamestown,42.097,-79.2353,20.77,83,100,2.68,US,2023-06-22
119,avarua,-21.2078,-159.775,26.03,94,75,5.66,CK,2023-06-22
120,stanley,54.868,-1.6985,12.65,90,40,0.0,GB,2023-06-22
121,flying fish cove,-10.4217,105.6791,26.82,73,75,5.66,CX,2023-06-22
122,sitangkai,4.6628,119.3928,27.78,75,29,1.88,PH,2023-06-22
123,aasiaat,68.7098,-52.8699,1.01,87,100,2.05,GL,2023-06-22
124,harper,4.375,-7.7169,25.05,79,64,4.14,LR,2023-06-22
125,revda,56.801,59.9303,9.7,83,100,2.69,RU,2023-06-22
126,weno,7.4515,151.8468,27.97,83,100,2.06,FM,2023-06-22
127,acarau,-2.8856,-40.12,25.24,84,3,5.95,BR,2023-06-22
128,buzuluk,52.7807,52.2635,12.16,64,82,1.75,RU,2023-06-22
129,coahuayana de hidalgo,18.7,-103.6583,26.39,76,18,1.38,MX,2023-06-22
130,binzhou,37.3667,118.0167,38.95,17,0,3.36,CN,2023-06-22
131,pisco,-13.7,-76.2167,19.03,82,0,5.66,PE,2023-06-22
132,miastko,54.0028,16.9826,15.74,68,100,2.1,PL,2023-06-22
133,bethel,41.3712,-73.414,19.64,80,100,1.54,US,2023-06-22
134,mahdia,35.5047,11.0622,24.97,43,0,2.01,TN,2023-06-22
135,luderitz,-26.6481,15.1594,14.94,54,0,1.45,NA,2023-06-22
136,whitehorse,60.7161,-135.0538,25.43,31,75,1.54,CA,2023-06-22
137,mount isa,-20.7333,139.5,24.87,25,99,3.6,AU,2023-06-22
138,nawa,27.0167,75.0,30.43,59,99,7.27,IN,2023-06-22
139,lihue,21.9789,-159.3672,29.77,68,75,7.72,US,2023-06-22
140,haiku-pauwela,20.9219,-156.3051,27.5,65,40,9.77,US,2023-06-22
141,lindsay,36.203,-119.0882,24.91,37,0,7.72,US,2023-06-22
142,susuman,62.7833,148.1667,23.97,36,100,1.18,RU,2023-06-22
143,sonargaon,23.6422,90.6023,29.03,72,37,5.01,BD,2023-06-22
144,ishigaki,24.3448,124.1572,30.07,84,75,5.14,JP,2023-06-22
145,port alfred,-33.5906,26.891,12.32,81,4,1.79,ZA,2023-06-22
146,mahibadhoo,3.7833,72.9667,28.27,77,100,6.88,MV,2023-06-22
147,ngozi,-2.9075,29.8306,15.23,74,87,1.0,BI,2023-06-22
148,carboneras,37.0015,-1.9213,24.62,66,0,3.09,ES,2023-06-22
149,sao paulo de olivenca,-3.3783,-68.8725,22.52,98,100,0.55,BR,2023-06-22
150,petropavlovsk-kamchatsky,53.0452,158.6483,24.33,41,0,2.0,RU,2023-06-22
151,sola,-13.8833,167.55,25.09,75,100,7.39,VU,2023-06-22
152,karatsu,33.4425,129.9697,25.94,71,100,1.29,JP,2023-06-22
153,hamilton,39.1834,-84.5333,20.58,82,100,3.6,US,2023-06-22
154,isafjordur,66.0755,-23.124,9.79,84,100,2.8,IS,2023-06-22
155,wailua homesteads,22.0669,-159.378,29.44,75,75,7.72,US,2023-06-22
156,iskateley,67.6803,53.1512,8.07,71,74,3.41,RU,2023-06-22
157,fisterra,42.9049,-9.2629,18.19,85,1,3.93,ES,2023-06-22
158,udachny,66.4167,112.4,16.92,72,100,4.16,RU,2023-06-22
159,sanya,18.2431,109.505,31.09,79,75,2.0,CN,2023-06-22
160,vanimo,-2.6741,141.3028,27.39,82,51,0.79,PG,2023-06-22
161,lompoc,34.6391,-120.4579,17.66,81,40,4.12,US,2023-06-22
162,yeraliyev,43.2,51.65,22.05,36,59,6.81,KZ,2023-06-22
163,olyokminsk,60.3736,120.4264,26.2,30,1,4.91,RU,2023-06-22
164,gereida,11.2811,25.1414,25.69,63,100,4.99,SD,2023-06-22
165,qarqaraly,49.4058,75.4742,17.45,48,84,3.75,KZ,2023-06-22
166,sept-iles,50.2001,-66.3821,18.0,76,100,1.54,CA,2023-06-22
167,yuzhno-kurilsk,44.0306,145.8556,14.22,79,100,2.12,RU,2023-06-22
168,cuatro cienegas de carranza,26.9833,-102.0833,34.14,30,57,1.94,MX,2023-06-22
169,zhangye,38.9342,100.4517,26.97,26,100,6.89,CN,2023-06-22
170,selkirk,50.1436,-96.8845,22.04,73,61,1.29,CA,2023-06-22
171,coxen hole,16.3244,-86.5366,30.2,74,0,9.26,HN,2023-06-22
172,karoi,-16.8099,29.6925,9.88,71,0,2.48,ZW,2023-06-22
173,mpika,-11.8343,31.4529,10.53,75,0,2.76,ZM,2023-06-22
174,vernon,50.2581,-119.2691,24.74,40,11,1.03,CA,2023-06-22
175,val-d'or,48.1002,-77.7828,23.05,56,0,1.54,CA,2023-06-22
176,al qitena,14.8648,32.3668,30.83,29,97,1.76,SD,2023-06-22
177,punta arenas,-53.15,-70.9167,3.06,93,100,5.14,CL,2023-06-22
178,mana,5.6592,-53.7767,25.51,89,15,3.77,GF,2023-06-22
179,gornopravdinsk,60.05,69.9,9.64,60,64,3.82,RU,2023-06-22
180,uliastay,47.7417,96.8444,20.87,37,77,3.58,MN,2023-06-22
181,carnarvon,-24.8667,113.6333,17.43,57,85,2.99,AU,2023-06-22
182,jambi city,-1.6,103.6167,29.9,68,43,2.1,ID,2023-06-22
183,korsholm,63.1142,21.6822,15.97,82,100,2.57,FI,2023-06-22
184,egilsstadir,65.2653,-14.3948,11.95,66,0,6.69,IS,2023-06-22
185,rawson,-43.3002,-65.1023,14.56,46,100,8.88,AR,2023-06-22
186,mildura,-34.2,142.15,13.37,75,15,10.93,AU,2023-06-22
187,saipan,15.1355,145.701,32.39,100,20,7.2,MP,2023-06-22
188,sinan,34.8262,126.1086,26.06,80,56,2.62,KR,2023-06-22
189,touros,-5.1989,-35.4608,24.81,80,2,5.59,BR,2023-06-22
190,arraial do cabo,-22.9661,-42.0278,18.98,77,0,4.12,BR,2023-06-22
191,okhotsk,59.3833,143.3,16.75,66,18,3.64,RU,2023-06-22
192,port macquarie,-31.4333,152.9167,23.27,40,23,4.46,AU,2023-06-22
193,freetown,8.484,-13.2299,23.84,88,75,2.06,SL,2023-06-22
194,dauphin,51.1494,-100.0502,19.08,68,0,3.09,CA,2023-06-22
195,xiaoweizhai,26.1903,107.5125,20.3,97,100,1.03,CN,2023-06-22
196,zhezqazghan,47.7833,67.7667,19.32,26,0,7.0,KZ,2023-06-22
197,cide,41.8921,33.0044,19.41,64,13,3.05,TR,2023-06-22
198,villanueva,15.3167,-88.0,25.02,88,75,4.63,HN,2023-06-22
199,mumford,5.2618,-0.759,24.73,88,80,4.34,GH,2023-06-22
200,qui nhon,13.7667,109.2333,32.9,56,51,2.56,VN,2023-06-22
201,enewetak,11.3474,162.3373,28.23,78,36,8.52,MH,2023-06-22
202,nar'yan-mar,67.6713,53.087,8.11,71,75,3.45,RU,2023-06-22
203,okondja,-0.6549,13.6753,22.22,85,74,1.1,GA,2023-06-22
204,twentynine palms,34.1356,-116.0542,23.92,23,0,5.76,US,2023-06-22
205,badger,64.8,-147.5333,23.95,55,75,3.6,US,2023-06-22
206,brookings,44.3114,-96.7984,21.0,89,100,8.75,US,2023-06-22
207,turpan,42.9333,89.1667,35.38,19,16,0.86,CN,2023-06-22
208,scarborough,54.2797,-0.4044,14.25,90,74,1.64,GB,2023-06-22
209,whistler,50.1164,-122.9695,19.66,60,58,1.48,CA,2023-06-22
210,coquimbo,-29.9533,-71.3436,14.85,100,0,2.06,CL,2023-06-22
211,midland,31.9974,-102.0779,33.37,47,0,8.23,US,2023-06-22
212,hami,42.8,93.45,31.47,17,79,1.11,CN,2023-06-22
213,woodland park,40.8898,-74.1949,20.3,79,100,0.45,US,2023-06-22
214,milton,34.1322,-84.3007,21.0,95,35,1.46,US,2023-06-22
215,greenwood,34.1668,-82.1165,21.27,46,100,0.0,US,2023-06-22
216,santa cruz,-17.8,-63.1667,23.7,83,72,5.14,BO,2023-06-22
217,aketi,2.7388,23.7833,20.56,100,99,0.08,CD,2023-06-22
218,cannonvale,-20.2833,148.7,23.66,59,23,2.21,AU,2023-06-22
219,sitka,57.0531,-135.33,16.94,72,20,2.57,US,2023-06-22
220,micheweni,-4.9667,39.8333,25.11,72,73,6.15,TZ,2023-06-22
221,muromtsevo,56.3724,75.2418,9.94,65,66,2.98,RU,2023-06-22
222,abyek,36.0667,50.55,16.81,53,0,2.83,IR,2023-06-22
223,amahai,-3.3333,128.9167,27.86,75,100,2.39,ID,2023-06-22
224,tura,25.5198,90.2201,27.92,76,39,2.08,IN,2023-06-22
225,sihanoukville,10.6093,103.5296,30.97,70,40,4.12,KH,2023-06-22
226,dwarka,22.2394,68.9678,29.21,71,100,5.14,IN,2023-06-22
227,labuan,5.2767,115.2417,29.2,74,20,1.54,MY,2023-06-22
228,villa juarez,24.6536,-107.5411,27.14,75,86,2.69,MX,2023-06-22
229,east london,-33.0153,27.9116,13.66,73,10,6.55,ZA,2023-06-22
230,northam,51.0333,-4.2167,15.22,96,94,2.79,GB,2023-06-22
231,griffith,41.5284,-87.4237,22.96,69,75,0.45,US,2023-06-22
232,san ignacio de velasco,-16.3667,-60.95,21.19,76,61,1.55,BO,2023-06-22
233,novyy urgal,51.0736,132.5642,22.59,36,10,0.99,RU,2023-06-22
234,margate,51.3813,1.3862,15.73,91,7,1.34,GB,2023-06-22
235,kiunga,-6.1219,141.2906,27.6,72,100,1.54,PG,2023-06-22
236,paradip garh,20.3167,86.6167,30.45,63,100,1.43,IN,2023-06-22
237,bhamo,24.2667,97.2333,24.57,99,100,0.43,MM,2023-06-22
238,gandi,12.9636,5.7434,26.89,56,100,6.55,NG,2023-06-22
239,neftcala,39.3742,49.2472,22.67,53,24,2.62,AZ,2023-06-22
240,opuwo,-18.0607,13.84,12.89,25,0,2.29,NA,2023-06-22
241,sangola,17.4333,75.2,28.44,57,95,4.2,IN,2023-06-22
242,gaomi,36.3833,119.7528,38.45,17,0,3.4,CN,2023-06-22
243,mollendo,-17.0231,-72.0147,17.0,86,47,2.86,PE,2023-06-22
244,bonthe,7.5264,-12.505,24.24,90,99,1.01,SL,2023-06-22
245,naryn,41.4287,75.9911,19.13,46,25,1.1,KG,2023-06-22
246,havre,49.5833,0.3333,15.87,94,20,6.17,FR,2023-06-22
247,shizuishan,39.2333,106.7694,31.34,21,100,6.14,CN,2023-06-22
248,katsuura,35.1333,140.3,22.01,83,100,1.44,JP,2023-06-22
249,al bardiyah,31.7561,25.0865,22.4,80,0,4.89,LY,2023-06-22
250,sur,22.5667,59.5289,32.37,58,36,1.52,OM,2023-06-22
251,nuuk,64.1835,-51.7216,3.34,93,100,1.54,GL,2023-06-22
252,natal,-5.795,-35.2094,23.36,100,20,2.57,BR,2023-06-22
253,aykhal,66.0,111.5,15.23,85,100,2.88,RU,2023-06-22
254,muynoq,43.7683,59.0214,23.6,49,73,5.18,UZ,2023-06-22
255,kudahuvadhoo,2.6708,72.8944,28.27,76,100,6.2,MV,2023-06-22
256,thompson,55.7435,-97.8558,16.09,59,75,3.09,CA,2023-06-22
257,easton,40.6884,-75.2207,19.64,79,100,3.09,US,2023-06-22
258,bandarbeyla,9.4942,50.8122,25.07,73,54,9.43,SO,2023-06-22
259,rosario,-32.9468,-60.6393,11.08,76,66,3.6,AR,2023-06-22
260,sao tome,0.3365,6.7273,24.02,83,75,6.17,ST,2023-06-22
261,miandrivazo,-19.5167,45.4667,16.54,73,0,0.19,MG,2023-06-22
262,nova vicosa,-17.8919,-39.3719,21.71,67,22,2.18,BR,2023-06-22
263,rosetta,31.4044,30.4164,23.32,79,0,2.91,EG,2023-06-22
264,sarmiento,-45.5882,-69.07,8.5,52,83,10.16,AR,2023-06-22
265,brindisi,40.5833,17.6667,25.24,53,2,0.53,IT,2023-06-22
266,milici,44.1711,19.0903,16.65,77,8,1.83,BA,2023-06-22
267,sabang,5.8933,95.3214,27.45,71,55,1.06,ID,2023-06-22
268,christchurch,-43.5333,172.6333,14.39,89,75,5.14,NZ,2023-06-22
269,callao,-12.0667,-77.15,21.16,73,100,5.66,PE,2023-06-22
270,el calafate,-50.3408,-72.2768,2.47,91,100,0.13,AR,2023-06-22
271,akhtubinsk,48.2795,46.1722,17.72,41,3,2.18,RU,2023-06-22
272,prince george,53.9166,-122.753,23.69,40,0,4.12,CA,2023-06-22
273,aban,56.67,96.06,18.33,51,96,3.46,RU,2023-06-22
274,alice springs,-23.7,133.8833,16.75,31,8,1.54,AU,2023-06-22
275,kerikeri,-35.2268,173.9474,16.47,79,68,2.84,NZ,2023-06-22
276,el-tor,28.2364,33.6254,24.71,64,0,6.13,EG,2023-06-22
277,kurchatov,51.6601,35.6521,18.23,85,100,4.08,RU,2023-06-22
278,polyarnyy,69.1989,33.4478,14.78,64,9,3.23,RU,2023-06-22
279,remire-montjoly,4.9167,-52.2667,24.02,94,40,0.0,GF,2023-06-22
280,kill devil hills,36.0307,-75.676,24.01,92,0,6.17,US,2023-06-22
281,conceicao da barra,-18.5933,-39.7322,20.37,69,12,1.76,BR,2023-06-22
282,as sulayyil,20.4607,45.5779,28.14,14,0,2.68,SA,2023-06-22
283,tolanaro,-25.0319,46.9987,19.04,88,20,3.09,MG,2023-06-22
284,vorgashor,67.5833,63.95,3.83,65,99,5.71,RU,2023-06-22
285,ancud,-41.8697,-73.8203,10.28,87,84,5.08,CL,2023-06-22
286,kalevala,65.2,31.1667,11.55,87,59,3.36,RU,2023-06-22
287,trincomalee,8.5711,81.2335,29.13,70,100,8.22,LK,2023-06-22
288,vyaz'ma,55.2104,34.2951,15.79,97,95,3.21,RU,2023-06-22
289,baranovichi,53.1327,26.0139,12.57,93,98,2.64,BY,2023-06-22
290,abepura,-2.6333,140.5833,29.45,66,20,2.06,ID,2023-06-22
291,san patricio,28.017,-97.5169,30.3,74,23,6.05,US,2023-06-22
292,kavaratti,10.5669,72.642,29.09,73,97,8.5,IN,2023-06-22
293,port saint john's,-31.6229,29.5448,12.96,74,6,3.08,ZA,2023-06-22
294,funafuti,-8.5243,179.1942,32.0,74,75,3.6,TV,2023-06-22
295,nema,57.5067,50.5011,10.33,77,100,2.14,RU,2023-06-22
296,cidreira,-30.1811,-50.2056,16.42,87,82,1.11,BR,2023-06-22
297,sisimiut,66.9395,-53.6735,1.65,85,91,4.5,GL,2023-06-22
298,ar ruways,24.1103,52.7306,31.33,56,2,4.76,AE,2023-06-22
299,malango,-2.9627,119.9001,26.86,64,70,1.7,ID,2023-06-22
300,labrador city,52.9463,-66.9114,23.95,46,100,3.6,CA,2023-06-22
301,truckee,39.328,-120.1833,15.42,84,100,3.6,US,2023-06-22
302,acajutla,13.5928,-89.8275,26.6,83,100,1.53,SV,2023-06-22
303,phatthalung,7.5,100.0833,31.16,57,94,1.21,TH,2023-06-22
304,tougan,13.0667,-3.0667,27.21,62,100,3.53,BF,2023-06-22
305,utrik,11.2278,169.8474,28.07,75,28,6.26,MH,2023-06-22
306,antofagasta,-23.65,-70.4,16.6,85,5,2.04,CL,2023-06-22
307,jianshui,23.6363,102.8264,21.46,91,100,0.69,CN,2023-06-22
308,fayroz koh,34.5195,65.2509,23.97,24,0,1.73,AF,2023-06-22
309,pangody,65.85,74.4859,1.6,92,100,4.53,RU,2023-06-22
310,pago pago,-14.2781,-170.7025,27.1,73,39,3.48,AS,2023-06-22
311,noosa heads,-26.3833,153.15,24.63,65,17,5.09,AU,2023-06-22
312,boyalik,41.2634,28.6314,21.54,90,5,2.64,TR,2023-06-22
313,piacabucu,-10.4056,-36.4344,23.22,88,66,5.45,BR,2023-06-22
314,tabalah,19.95,42.4,25.58,24,54,2.5,SA,2023-06-22
315,tazovsky,67.4667,78.7,4.96,72,100,2.99,RU,2023-06-22
316,bamboo flat,11.7,92.7167,30.05,74,40,5.14,IN,2023-06-22
317,namtsy,62.7161,129.6658,23.04,45,76,2.66,RU,2023-06-22
318,seward,40.907,-97.0989,26.98,64,68,2.29,US,2023-06-22
319,happy valley-goose bay,53.3168,-60.3315,13.17,94,75,1.03,CA,2023-06-22
320,carutapera,-1.195,-46.02,23.61,94,19,1.71,BR,2023-06-22
321,altamira,-3.2033,-52.2064,22.27,97,85,0.71,BR,2023-06-22
322,bayanhongor,46.7167,100.1167,20.21,31,82,1.94,MN,2023-06-22
323,rossosh',51.1209,38.5116,16.29,89,100,4.9,RU,2023-06-22
324,uturoa,-16.7333,-151.4333,26.44,79,81,8.29,PF,2023-06-22
325,dunedin,-45.8742,170.5036,11.0,91,100,1.09,NZ,2023-06-22
326,kuusamo,65.9667,29.1833,12.02,66,75,4.63,FI,2023-06-22
327,vila franca do campo,37.7167,-25.4333,20.23,94,65,3.86,PT,2023-06-22
328,lashio,22.9333,97.75,21.56,97,100,1.11,MM,2023-06-22
329,manadhoo,5.7667,73.3833,28.19,77,100,6.61,MV,2023-06-22
330,westport,41.1415,-73.3579,20.31,83,20,1.54,US,2023-06-22
331,smithers,54.7804,-127.1743,27.18,26,20,4.63,CA,2023-06-22
332,port augusta,-32.5,137.7667,15.97,56,0,8.14,AU,2023-06-22
333,kenai,60.5544,-151.2583,13.05,93,100,2.57,US,2023-06-22
334,vadso,70.0744,29.7487,14.49,76,0,1.54,NO,2023-06-22
335,dongcun,36.7767,121.1597,30.72,46,0,2.28,CN,2023-06-22
336,ungsang-nodongjagu,42.3578,130.4622,19.99,80,99,3.58,KP,2023-06-22
337,novyy urengoy,66.0833,76.6333,1.67,99,100,1.97,RU,2023-06-22
338,piti village,13.4626,144.6933,32.49,74,20,9.77,GU,2023-06-22
339,jurm,36.8648,70.8342,26.77,32,0,0.46,AF,2023-06-22
340,as samawah,31.332,45.2944,32.25,17,0,3.47,IQ,2023-06-22
341,isangel,-19.55,169.2667,23.44,57,34,4.68,VU,2023-06-22
342,hede,33.7681,120.2517,34.42,32,99,3.19,CN,2023-06-22
343,colonia,50.9333,6.95,17.16,84,75,8.23,DE,2023-06-22
344,vegreville,53.5001,-112.0518,19.03,45,53,1.54,CA,2023-06-22
345,mar del plata,-38.0023,-57.5575,11.16,91,0,9.26,AR,2023-06-22
346,chernyshevskiy,63.0128,112.4714,13.86,89,100,1.27,RU,2023-06-22
347,eureka,40.8021,-124.1637,14.55,87,100,0.45,US,2023-06-22
348,grand falls-windsor,48.9332,-55.6649,16.95,69,89,3.21,CA,2023-06-22
349,atwater,37.3477,-120.6091,23.01,45,0,6.17,US,2023-06-22
350,sao joao da barra,-21.6403,-41.0511,20.11,75,0,6.4,BR,2023-06-22
351,alexandria,31.2156,29.9553,21.3,80,0,2.75,EG,2023-06-22
352,greenville,35.6127,-77.3663,24.09,94,100,3.09,US,2023-06-22
353,malvan,16.0667,73.4667,28.35,79,57,4.05,IN,2023-06-22
354,guiuan,11.0333,125.7247,28.4,76,92,2.71,PH,2023-06-22
355,saudarkrokur,65.7461,-19.6394,11.26,87,100,3.25,IS,2023-06-22
356,nsanje,-16.92,35.262,17.26,98,4,1.45,MW,2023-06-22
357,porbandar,21.6422,69.6093,29.19,74,99,5.77,IN,2023-06-22
358,new norfolk,-42.7826,147.0587,11.72,88,100,0.89,AU,2023-06-22
359,serowe,-22.3833,26.7167,10.7,96,24,4.9,BW,2023-06-22
360,durban,-29.8579,31.0292,9.51,70,2,2.06,ZA,2023-06-22
361,chatan,26.3094,127.7703,30.1,81,75,5.66,JP,2023-06-22
362,taro,-8.3862,115.28,24.0,44,6,1.65,ID,2023-06-22
363,borogontsy,62.6683,131.1683,23.85,49,91,1.73,RU,2023-06-22
364,hastings,50.8552,0.5729,16.96,48,20,1.23,GB,2023-06-22
365,kabompo,-13.5927,24.2008,8.13,51,0,2.0,ZM,2023-06-22
366,bubaque,11.2833,-15.8333,27.05,83,92,5.93,GW,2023-06-22
367,pasuquin,18.3328,120.6177,30.97,74,20,2.57,PH,2023-06-22
368,viedma,-40.8135,-62.9967,13.01,77,100,8.96,AR,2023-06-22
369,kuzovatovo,53.5468,47.6866,11.09,67,91,2.13,RU,2023-06-22
370,williamsburg,37.2707,-76.7075,23.86,88,75,3.6,US,2023-06-22
371,istgah-e rah ahan-e garmsar,35.2346,52.3094,28.23,31,0,2.43,IR,2023-06-22
372,saldanha,-33.0117,17.9442,12.03,90,0,9.31,ZA,2023-06-22
373,bandar-e anzali,37.4727,49.4622,22.06,56,7,1.71,IR,2023-06-22
374,turuntayevo,52.2,107.6167,22.05,89,100,2.69,RU,2023-06-22
375,nueve de julio,-35.4444,-60.8831,7.76,96,100,0.89,AR,2023-06-22
376,loudun,47.0079,0.083,17.8,87,69,1.96,FR,2023-06-22
377,khandyga,62.6667,135.6,27.55,45,83,0.86,RU,2023-06-22
378,araguari,-18.6472,-48.1872,17.16,57,42,2.11,BR,2023-06-22
379,bodaybo,57.8506,114.1933,27.64,41,92,1.44,RU,2023-06-22
380,acapulco de juarez,16.8634,-99.8901,29.9,70,75,3.6,MX,2023-06-22
381,kharp,66.8014,65.8081,6.6,59,53,4.15,RU,2023-06-22
382,tarfaya,27.9358,-12.9218,21.84,80,33,6.9,MA,2023-06-22
383,chonchi,-42.6128,-73.8092,8.56,93,4,1.73,CL,2023-06-22
384,la passe,45.5549,-0.8967,17.77,87,11,2.3,FR,2023-06-22
385,howrah,22.5892,88.3103,30.0,89,75,2.06,IN,2023-06-22
386,dudinka,69.4058,86.1778,9.9,68,97,4.78,RU,2023-06-22
387,arenapolis,-14.4503,-56.8461,21.01,52,65,1.75,BR,2023-06-22
388,san antonio de pale,-1.4014,5.6325,22.93,78,34,5.49,GQ,2023-06-22
389,dawei,14.0833,98.2,28.92,74,100,0.78,MM,2023-06-22
390,kapuskasing,49.4169,-82.4331,25.05,50,0,3.09,CA,2023-06-22
391,avanigadda,16.0215,80.9181,29.45,70,100,3.83,IN,2023-06-22
392,saint-joseph,-21.3667,55.6167,19.21,74,40,4.34,RE,2023-06-22
393,al khafji,28.4391,48.4913,32.1,33,0,5.06,SA,2023-06-22
394,i-n-salah,27.1935,2.4607,32.3,11,0,4.63,DZ,2023-06-22
395,barika,35.389,5.3658,27.52,27,0,1.31,DZ,2023-06-22
396,hilo,19.7297,-155.09,27.93,72,40,5.14,US,2023-06-22
397,san juan bautista,-14.0108,-75.7358,17.95,77,0,0.81,PE,2023-06-22
398,al jawf,29.5,38.75,24.8,35,0,5.71,SA,2023-06-22
399,broome,42.2506,-75.833,22.21,81,100,2.06,US,2023-06-22
400,harstad,68.799,16.5293,12.56,100,100,1.79,NO,2023-06-22
401,porto da folha,-9.9172,-37.2783,21.94,87,97,2.9,BR,2023-06-22
402,kuchinda,21.7333,84.35,29.21,70,100,2.99,IN,2023-06-22
403,greymouth,-42.4667,171.2,16.84,65,55,2.04,NZ,2023-06-22
404,yongchuan,29.3514,105.8947,24.69,81,100,1.24,CN,2023-06-22
405,pandan,14.0453,124.1694,30.92,64,70,2.36,PH,2023-06-22
406,hobyo,5.3505,48.5268,24.75,81,71,8.59,SO,2023-06-22
407,gaiman,-43.2897,-65.4929,14.42,44,100,7.5,AR,2023-06-22
408,kashmor,28.4333,69.5833,33.09,49,7,5.09,PK,2023-06-22
409,tshabong,-26.05,22.45,11.24,20,0,4.84,BW,2023-06-22
410,nova sintra,14.8667,-24.7167,20.9,84,0,7.88,CV,2023-06-22
411,lianjiang,21.6467,110.2817,31.73,65,97,3.23,CN,2023-06-22
412,nyala,12.05,24.8833,26.25,59,100,3.13,SD,2023-06-22
413,palmer,42.1584,-72.3287,20.78,71,75,2.57,US,2023-06-22
414,churapcha,62.0025,132.4325,24.06,47,94,1.39,RU,2023-06-22
415,tazacorte,28.629,-17.9293,22.54,86,100,4.12,ES,2023-06-22
416,kapa'a,22.0752,-159.319,30.18,75,75,7.72,US,2023-06-22
417,chancay,-11.5714,-77.2672,19.24,84,53,3.78,PE,2023-06-22
418,peshkopi,41.685,20.4289,19.88,70,0,1.57,AL,2023-06-22
419,marang,5.2056,103.2059,32.16,64,48,0.89,MY,2023-06-22
420,iacu,-12.7672,-40.2117,17.43,81,0,1.23,BR,2023-06-22
421,saynshand,44.8824,110.1163,34.09,14,65,6.36,MN,2023-06-22
422,yorkton,51.2167,-102.4677,20.91,46,0,2.06,CA,2023-06-22
423,senj,44.9894,14.9058,25.93,56,91,0.03,HR,2023-06-22
424,akjoujt,19.6969,-14.4164,35.29,17,34,11.63,MR,2023-06-22
425,chilliwack,49.1747,-121.9443,23.63,70,17,2.06,CA,2023-06-22
426,taltal,-25.4,-70.4833,16.52,76,12,2.24,CL,2023-06-22
427,saurimo,-9.6608,20.3916,12.15,28,0,2.79,AO,2023-06-22
428,quelimane,-17.8786,36.8883,20.97,100,0,1.54,MZ,2023-06-22
429,yuxia,34.0615,108.6291,29.34,44,5,2.06,CN,2023-06-22
430,port douglas,-16.4833,145.4667,24.85,62,88,3.65,AU,2023-06-22
431,llorente,11.4119,125.5458,29.28,71,88,2.35,PH,2023-06-22
432,sao gabriel da cachoeira,-0.1303,-67.0892,22.53,99,100,0.23,BR,2023-06-22
433,leh,34.1667,77.5833,16.53,19,0,0.9,IN,2023-06-22
434,noshiro,40.2039,140.0242,19.46,97,100,2.45,JP,2023-06-22
435,mukalla,14.5425,49.1242,29.05,82,14,1.58,YE,2023-06-22
436,bucerias,20.75,-105.3333,26.15,80,9,1.21,MX,2023-06-22
437,berdigestyakh,62.0989,126.6992,19.47,49,81,3.22,RU,2023-06-22
438,nishinoomote,30.7333,131.0,26.31,73,75,5.66,JP,2023-06-22
439,corn island,12.1694,-83.0418,28.4,81,100,5.0,NI,2023-06-22
440,morehead city,34.7229,-76.726,26.02,92,75,4.12,US,2023-06-22
441,fort mcmurray,56.7268,-111.381,18.77,59,100,2.57,CA,2023-06-22
442,tufesti,45.05,27.8167,18.77,72,0,2.36,RO,2023-06-22
443,sinabang,2.4803,96.3801,29.01,70,93,3.34,ID,2023-06-22
444,rembangan,-6.7036,111.3416,29.33,62,10,2.44,ID,2023-06-22
445,blitar,-8.0983,112.1681,28.78,54,23,2.37,ID,2023-06-22
446,tyumen,57.1522,65.5272,11.05,76,0,1.0,RU,2023-06-22
447,aripuana,-9.1667,-60.6333,21.82,58,9,0.79,BR,2023-06-22
448,darwin,-12.4611,130.8418,31.61,51,75,3.09,AU,2023-06-22
449,chinde,26.8418,88.0763,21.71,84,80,1.78,NP,2023-06-22
450,malanje,-9.5402,16.341,12.51,41,55,1.31,AO,2023-06-22
451,enoch,37.7733,-113.0244,24.14,16,0,8.23,US,2023-06-22
452,barcelos,41.5388,-8.6151,19.91,85,0,1.48,PT,2023-06-22
453,dhidhdhoo,6.8833,73.1,28.59,75,100,6.88,MV,2023-06-22
454,cold lake,54.4502,-110.2017,16.97,51,75,3.6,CA,2023-06-22
455,nizhneudinsk,54.9076,99.0276,22.21,38,4,2.18,RU,2023-06-22
456,ilomantsi,62.6716,30.9328,14.83,93,100,3.05,FI,2023-06-22
457,port de pollenca,39.9075,3.0814,24.62,76,9,3.06,ES,2023-06-22
458,chamical,-30.36,-66.314,12.02,76,74,2.96,AR,2023-06-22
459,bom jesus,-9.0744,-44.3586,19.65,62,0,1.51,BR,2023-06-22
460,amos,48.5669,-78.1162,19.12,73,1,2.08,CA,2023-06-22
461,robertsport,6.7533,-11.3686,25.19,86,95,2.74,LR,2023-06-22
462,san sebastian de la gomera,28.0916,-17.1133,23.2,88,100,2.57,ES,2023-06-22
463,konarka,19.9,86.1167,27.22,69,100,3.0,IN,2023-06-22
464,pitogo,13.7847,122.0881,31.64,60,92,0.71,PH,2023-06-22
465,manaure,11.7751,-72.4445,28.51,74,10,7.64,CO,2023-06-22
466,hotan,37.0997,79.9269,30.57,13,0,4.38,CN,2023-06-22
467,porto novo,6.4965,2.6036,25.9,92,68,2.6,BJ,2023-06-22
468,sarina,-21.4333,149.2167,28.48,60,71,3.24,AU,2023-06-22
469,charlestown,-32.95,151.6667,18.95,55,0,4.02,AU,2023-06-22
470,kralendijk,12.15,-68.2667,27.99,89,14,7.2,BQ,2023-06-22
471,cururupu,-1.8283,-44.8683,22.82,96,6,0.92,BR,2023-06-22
472,prince rupert,54.3161,-130.3201,15.05,82,0,4.12,CA,2023-06-22
473,sovetskaya gavan',48.9723,140.2878,18.25,60,100,3.04,RU,2023-06-22
474,phek,25.6667,94.5,21.28,79,52,0.47,IN,2023-06-22
475,tangalle,6.024,80.7911,29.09,70,83,5.91,LK,2023-06-22
476,tarawa,1.419,172.984,30.05,79,40,2.57,KI,2023-06-22
477,longford,53.7333,-7.8,14.12,97,100,5.52,IE,2023-06-22
478,hanceville,34.0607,-86.7675,21.76,89,10,0.43,US,2023-06-22
479,kununurra,-15.7667,128.7333,29.99,39,37,4.12,AU,2023-06-22
480,oranjemund,-28.55,16.4333,13.81,60,0,2.43,NA,2023-06-22
481,mahina,-17.5065,-149.489,27.87,69,75,3.6,PF,2023-06-22
482,lazaro cardenas,17.9583,-102.2,27.52,76,15,2.82,MX,2023-06-22
483,kingston,17.997,-76.7936,29.53,80,20,5.66,JM,2023-06-22
484,butte,39.6499,-121.5677,27.01,24,0,3.09,US,2023-06-22
485,al hazm,16.1641,44.7769,26.48,15,5,0.52,YE,2023-06-22
486,maridi,4.9158,29.4742,19.08,99,100,2.32,SS,2023-06-22
487,dubbo,-32.25,148.6167,14.07,67,40,5.14,AU,2023-06-22
488,lianzhou,24.7811,112.3825,24.92,98,100,1.33,CN,2023-06-22
489,isla mujeres,21.2311,-86.731,25.65,71,100,4.79,MX,2023-06-22
490,mil'kovo,55.6078,37.7956,14.22,93,100,2.1,RU,2023-06-22
491,anta,25.15,76.3,29.26,67,100,3.48,IN,2023-06-22
492,broken hill,-31.95,141.4333,12.79,56,0,8.11,AU,2023-06-22
493,clinton,42.587,-82.9199,22.25,72,100,2.57,US,2023-06-22
494,undurkhaan,47.3194,110.6556,26.74,31,74,1.2,MN,2023-06-22
495,hasaki,35.7333,140.8333,24.05,85,100,1.86,JP,2023-06-22
496,hammerfest,70.6634,23.6821,17.25,72,1,5.66,NO,2023-06-22
497,saint-pierre,-21.3393,55.4781,19.82,73,0,3.6,RE,2023-06-22
498,bengkulu,-3.8004,102.2655,28.15,75,97,0.66,ID,2023-06-22
499,tuy hoa,13.0833,109.3,34.26,50,59,1.61,VN,2023-06-22
500,bikenibeu village,1.3673,173.1241,29.98,79,40,2.57,KI,2023-06-22
501,mount gambier,-37.8333,140.7667,12.28,68,10,2.71,AU,2023-06-22
502,ardakan,32.31,54.0175,29.65,23,5,4.09,IR,2023-06-22
503,codrington,-38.2667,141.9667,11.21,73,24,2.69,AU,2023-06-22
504,kenton,38.9501,-84.5333,20.12,75,100,2.06,US,2023-06-22
505,elverum,60.8819,11.5623,10.7,76,2,1.55,NO,2023-06-22
506,gadzhiyevo,69.2551,33.3362,14.98,62,9,3.36,RU,2023-06-22
507,makoua,0.0069,15.6333,22.29,83,85,1.48,CG,2023-06-22
508,kyabe,9.4515,18.9449,23.48,88,100,1.23,TD,2023-06-22
509,la'ie,21.6477,-157.9253,29.98,72,2,2.24,US,2023-06-22
510,pradera,3.4211,-76.2447,21.38,89,100,2.11,CO,2023-06-22
511,albertina,-22.2008,-46.6158,12.14,78,32,2.4,BR,2023-06-22
512,newman,37.3138,-121.0208,23.13,51,12,2.68,US,2023-06-22
513,tralee,52.2704,-9.7026,15.69,97,100,3.2,IE,2023-06-22
514,mao,39.8885,4.2658,23.31,78,0,7.2,ES,2023-06-22
515,alofi,-19.0595,-169.9187,24.94,69,75,3.09,NU,2023-06-22
516,gornozavodsk,58.3758,58.3211,9.0,64,100,2.6,RU,2023-06-22
517,seosan,36.7817,126.4522,25.19,64,1,2.49,KR,2023-06-22
518,pechora,65.1472,57.2244,8.53,67,100,3.41,RU,2023-06-22
519,cedeira,43.6797,-8.0209,16.88,84,1,2.31,ES,2023-06-22
520,bor,56.3567,44.0669,8.96,71,1,1.98,RU,2023-06-22
521,rongelap,11.1635,166.8941,27.98,78,100,7.22,MH,2023-06-22
522,talcahuano,-36.7167,-73.1167,13.82,100,100,4.12,CL,2023-06-22
523,georgievka,49.3314,81.5761,21.13,35,98,0.88,KZ,2023-06-22
524,fada,9.5667,8.3,18.8,95,62,0.35,NG,2023-06-22
525,arish,31.1316,33.7984,23.37,75,0,1.07,EG,2023-06-22
526,farkhar,36.5729,69.8578,29.31,26,0,2.05,AF,2023-06-22
527,paraiso,9.8383,-83.8656,19.48,98,100,0.67,CR,2023-06-22
528,saint croix,17.7397,-64.7388,27.25,74,75,6.17,VI,2023-06-22
529,puerto san jose,13.9256,-90.8244,26.86,79,100,1.01,GT,2023-06-22
530,hell-ville,-13.4,48.2667,24.36,73,72,3.51,MG,2023-06-22
531,kissing,48.3037,10.9709,18.0,79,75,6.17,DE,2023-06-22
532,charlottetown,46.2352,-63.1267,18.16,52,40,5.66,CA,2023-06-22
533,mount carmel,38.4109,-87.7614,22.05,75,100,2.46,US,2023-06-22
534,midvagur,62.0511,-7.1939,11.46,100,100,4.63,FO,2023-06-22
535,villa emilio carranza,19.9667,-96.6,27.77,79,0,3.99,MX,2023-06-22
536,chos malal,-37.3781,-70.2709,9.26,82,98,6.16,AR,2023-06-22
537,kabalo,-6.05,26.9167,22.65,58,83,1.63,CD,2023-06-22
538,bulgan,48.8125,103.5347,22.36,59,100,2.38,MN,2023-06-22
539,tamanrasset,22.785,5.5228,21.95,12,0,1.54,DZ,2023-06-22
540,murun-kuren,49.6342,100.1625,21.41,49,45,1.91,MN,2023-06-22
541,tulun,54.5611,100.5792,20.81,51,67,0.48,RU,2023-06-22
542,mpongwe,-13.5091,28.155,13.14,67,0,3.83,ZM,2023-06-22
543,newton,42.337,-71.2092,17.53,84,100,4.12,US,2023-06-22
544,kirakira,-10.4544,161.9205,28.48,78,90,4.59,SB,2023-06-22
545,romanovka,51.7443,42.7527,13.43,87,100,3.49,RU,2023-06-22
546,siwa oasis,29.2041,25.5195,23.92,56,0,2.44,EG,2023-06-22
547,chibougamau,49.9168,-74.3659,18.79,72,100,1.54,CA,2023-06-22
548,thunder bay,48.4001,-89.3168,14.99,82,20,3.09,CA,2023-06-22
549,salaya,22.3167,69.6,29.98,65,99,5.22,IN,2023-06-22
550,khetia,21.6667,74.5833,29.43,64,100,5.36,IN,2023-06-22
551,litochoro,40.1006,22.4978,19.82,74,6,0.87,GR,2023-06-22
552,tumaco,1.7986,-78.8156,25.33,87,100,4.59,CO,2023-06-22
553,brasileia,-11.0161,-68.7481,23.63,78,30,0.9,BR,2023-06-22
554,poronaysk,49.2167,143.1167,14.88,77,100,3.95,RU,2023-06-22
555,castillos,-34.1667,-53.8333,9.85,95,17,2.2,UY,2023-06-22
556,salahonda,2.1019,-78.7217,27.18,80,100,7.5,CO,2023-06-22
557,masterton,-40.9597,175.6575,16.05,96,100,4.12,NZ,2023-06-22
558,paita,-5.0892,-81.1144,22.02,79,61,6.33,PE,2023-06-22
559,lugoba,-6.45,38.3333,18.03,97,43,1.57,TZ,2023-06-22
560,chernyshevsk,52.5243,117.0174,27.47,18,97,3.55,RU,2023-06-22
561,tsiombe,-25.3,45.4833,18.59,76,91,4.51,MG,2023-06-22
562,votuporanga,-20.4228,-49.9728,17.58,49,11,2.88,BR,2023-06-22
563,berbera,10.4396,45.0143,31.31,48,2,8.73,SO,2023-06-22
564,goshen,41.5823,-85.8344,23.05,56,100,2.06,US,2023-06-22
565,'ali al gharbi,32.4633,46.6864,33.14,15,0,3.54,IQ,2023-06-22
566,santiago de cao,-7.9589,-79.2392,22.07,78,100,3.6,PE,2023-06-22
567,tucuma,-0.1833,-50.05,24.26,92,8,2.61,BR,2023-06-22
568,canatlan,24.5167,-104.7833,23.36,40,99,2.27,MX,2023-06-22
